,MAE,MSE,ISE
0,0.007172014899332086,8.669780583023999e-05,8.66671408717375e-05
