,MAE,MSE,ISE
0,0.003907391043103603,2.4842687108586554e-05,4.963905845339002e-05
