σ,Δxₘ,Acceptance,τ_int,N_eff,PDF_error
0.100000,0.194365,0.508691,5.152315,19408.751856,5.263087
1.000000,1.943646,0.508691,5.152315,19408.751856,5.263087
10.000000,19.436458,0.508691,5.152315,19408.751856,5.263087
