,MAE,MSE,ISE
0,0.0031411469212986117,1.720725053707984e-05,3.439295646833031e-05
