,MAE,MSE,ISE
0,0.007432296404875994,9.33794546411761e-05,9.318670175178609e-05
